user,password
suelarson@yahoo.com,0oE23GsZ
onunez@yahoo.com,yad0DJmGHSC
nicholasjohnston@yahoo.com,WYbGlOo50fvp
hannahshah@yahoo.com,qrwaGMIp
andrewsmatthew@hotmail.com,gAJuMDiH
kimberly07@yahoo.com,p5CHaP097Mh
cmoran@gmail.com,lTzPReE7NK2u
adamsmith@yahoo.com,04afPhJ
lporter@hotmail.com,5vYDlkbxU96
heidi40@gmail.com,rA01Ei6mfU
michael15@yahoo.com,Mc5SbFpziDeR
omendoza@hotmail.com,DZygS2UxQ
rachel92@hotmail.com,uQdSb0croBZk
hoffmanalicia@hotmail.com,lotAGsSE6
george49@hotmail.com,pOlT8V
timothygreen@hotmail.com,yO3jzeBDsi
rodriguezbrianna@yahoo.com,Pe7I8JqiuwEy
walter70@yahoo.com,Wekc4C
harveycourtney@gmail.com,9Hpc1S
geverett@gmail.com,3GlWNPxmB4L2
cristina71@hotmail.com,XTeq2w
hickmanjohn@hotmail.com,wKRysxINoa
jblack@gmail.com,PJZ4kQXLAgHG
hannahhurst@yahoo.com,g8b4Qe
sherry29@yahoo.com,IkUa0d
ojohnson@gmail.com,tTvbYXkVgf
erica92@gmail.com,1SHR0oTNc
rachel10@yahoo.com,0ikGb1BK
brittanymendoza@yahoo.com,oyHX1N
zjones@yahoo.com,YAHDdR
jeremymeyer@hotmail.com,C3qTUA0eNbQz
ralph42@hotmail.com,tVY0uNPSar
vmichael@hotmail.com,b3uvdh
rodriguezcrystal@gmail.com,4djMVE
brian66@hotmail.com,Q6ajIxDUJZHf
lopezdavid@gmail.com,KS4O2qicC
richardsondavid@hotmail.com,xBhEkVwZfP
vincent55@hotmail.com,ApqMdvTFD
ncraig@yahoo.com,TP0wYLOtmChj
dananguyen@yahoo.com,Ga93cQm5
denniswilliam@hotmail.com,t0gelBkN20T
derek12@yahoo.com,cgyrBAVkfFtJ
simsgregory@hotmail.com,QujXm56ZUp
dannysawyer@yahoo.com,81sAi9X0PNG
ivargas@gmail.com,rLHdo0bg2S
mmoreno@yahoo.com,msKFEh
vpoole@gmail.com,D4NTWFPij9
albertmorales@yahoo.com,6jhzmZ
umorrison@gmail.com,xORvnjs1C
laura82@yahoo.com,4GTq0sLd
johnparker@yahoo.com,m5ulCZ
crystalwright@hotmail.com,G0L25bHXYF
tiffanynunez@yahoo.com,KCRy25Hwa
dylanball@yahoo.com,00cLlCZ
amanda30@yahoo.com,UExiQbA2
osborneangela@yahoo.com,MDs7OFhg3Uf5
ezamora@hotmail.com,b8EgSHp9cRW
yangrobert@gmail.com,DdNxFVb8Waz
stephanie85@gmail.com,pUq0Ziv1o
jamiebowen@yahoo.com,B9Q8ZJov1mLE
katherinegreer@gmail.com,CDX9hi
kellymadison@yahoo.com,Fj2Keb
daviswilliam@yahoo.com,Wen2JGhBM6
jamesdavis@gmail.com,TMbSBUpk
shawwilliam@gmail.com,HrgwqD01V
michael92@hotmail.com,IBkAp4cl
travis79@yahoo.com,vCdgyWVQ5t6P
natalie52@yahoo.com,i0vD7Cf
jacob98@yahoo.com,yrlXWRwEICha
april97@gmail.com,aG4UiEKMdLBA
cortezvictoria@yahoo.com,Kxmr0y
millernicole@yahoo.com,hOUmoKldiAY
preed@hotmail.com,3d8NIbuF
eric32@hotmail.com,y6tGne
tammy58@yahoo.com,spxPNaFO
ypace@yahoo.com,tzWqRL9dVU
gmartin@yahoo.com,1DHGTh7ZjqUt
xbarr@gmail.com,x0mA4U61gItX
coxcarol@hotmail.com,LyS90H
mullinsmichelle@gmail.com,30cqDZGOyX4
burnsalexander@yahoo.com,GTi0PqtAJM7m
fredericklee@yahoo.com,PYXIeyQlq
ortizmichelle@gmail.com,Ec0lBO
bmack@yahoo.com,v7BqZaNTEjYd
tlarson@yahoo.com,5zB0y4sfC
jonesjimmy@hotmail.com,18em9rlhv
michaelsanders@gmail.com,52I0Ben0HRCA
mercermary@hotmail.com,6mu58U
kristen74@gmail.com,Z0WUwImGlhA
cjordan@gmail.com,td8Voa7un3SU
melissa99@yahoo.com,2MawKdU
burgessjoseph@yahoo.com,blT783tUqvJi
longmelanie@hotmail.com,HJD8Vxl
jeffrey49@hotmail.com,qWgOfvi
michelle82@gmail.com,PxEL0DAB7N
kenneth65@gmail.com,g8QtVYnoMd
davidwells@gmail.com,6DGEfB8
leblanccorey@hotmail.com,RkWBz8UHI
linda69@yahoo.com,veUjxy3G2M
carla54@hotmail.com,4roHVuzJd